
[
  {
    "strName" : "SalvagePodTut",
    "strRegID" : "J-BGU",
    "nCurrentWaypoint" : -1,
    "fTimeEngaged"     : 34.69083,
    "aItems"           : [
      {
        "strName" : "ItmConduit01",
        "fX"      : 1.0,
        "fY"      : 3.0,
        "fRotation" : 0.0,
        "strID"     : "25edfc8e-320e-4c3e-b4d2-46061897cc98"
      },
      {
        "strName" : "ItmFloorRYOF01",
        "fX"      : 3.0,
        "fY"      : -1.0,
        "fRotation" : 0.0,
        "strID"     : "aed8792e-53f2-4a26-9b1f-b0d6ab829ebf"
      },
      {
        "strName" : "ItmFloorRYOF01",
        "fX"      : 3.0,
        "fY"      : 0.0,
        "fRotation" : 0.0,
        "strID"     : "dfe42cc1-5cbc-4cc0-8a2a-7c6a203d93aa"
      },
      {
        "strName" : "ItmFloorRYOF01",
        "fX"      : 3.0,
        "fY"      : 1.0,
        "fRotation" : 0.0,
        "strID"     : "c6e7a811-1b20-4dcb-a4ed-ce605d67260f"
      },
      {
        "strName" : "ItmFloorRYOF01",
        "fX"      : 3.0,
        "fY"      : 2.0,
        "fRotation" : 0.0,
        "strID"     : "92850ec8-3591-49df-871e-c4a09c00b723"
      },
      {
        "strName" : "ItmFloorRYOF01",
        "fX"      : 3.0,
        "fY"      : 3.0,
        "fRotation" : 0.0,
        "strID"     : "faa996e4-115d-4fdb-a56d-9e183ea833a8"
      },
      {
        "strName" : "ItmFloorRYOF01",
        "fX"      : 3.0,
        "fY"      : 4.0,
        "fRotation" : 0.0,
        "strID"     : "7356b756-2491-4116-8070-c77c15c666c0"
      },
      {
        "strName" : "ItmFloorRYOF01",
        "fX"      : 4.0,
        "fY"      : 4.0,
        "fRotation" : 0.0,
        "strID"     : "ddbe4598-b0ff-477b-b806-9cf0e70f7ec6"
      },
      {
        "strName" : "ItmFloorRYOF01",
        "fX"      : 5.0,
        "fY"      : 4.0,
        "fRotation" : 0.0,
        "strID"     : "4a6427a7-3320-45be-b564-8fcc48edaa9b"
      },
      {
        "strName" : "ItmFloorRYOF01",
        "fX"      : 6.0,
        "fY"      : 4.0,
        "fRotation" : 0.0,
        "strID"     : "88ff31bd-9948-4d16-a0df-1a666a21f785"
      },
      {
        "strName" : "ItmFloorRYOF01",
        "fX"      : 7.0,
        "fY"      : 4.0,
        "fRotation" : 0.0,
        "strID"     : "569121f2-c4c0-4552-b030-1bbefe36359f"
      },
      {
        "strName" : "ItmFloorRYOF01",
        "fX"      : 2.0,
        "fY"      : 1.0,
        "fRotation" : 0.0,
        "strID"     : "42757dd2-03b4-4d1c-bbb2-b4460faadd60"
      },
      {
        "strName" : "ItmFloorRYOF01",
        "fX"      : 2.0,
        "fY"      : 0.0,
        "fRotation" : 0.0,
        "strID"     : "40b229a5-b822-4eff-9eb5-f2db12618fd1"
      },
      {
        "strName" : "ItmFloorRYOF01",
        "fX"      : 2.0,
        "fY"      : -1.0,
        "fRotation" : 0.0,
        "strID"     : "426fd6a8-5c74-4e9a-9366-2e0f7c7bf6b4"
      },
      {
        "strName" : "ItmFloorRYOF01",
        "fX"      : 8.0,
        "fY"      : 1.0,
        "fRotation" : 0.0,
        "strID"     : "e051e906-c410-42ff-8cd8-5b5b2b089d46"
      },
      {
        "strName" : "ItmFloorRYOF01",
        "fX"      : 8.0,
        "fY"      : 0.0,
        "fRotation" : 0.0,
        "strID"     : "16d11c98-680b-4023-a9a6-994989cfcfe6"
      },
      {
        "strName" : "ItmFloorRYOF01",
        "fX"      : 8.0,
        "fY"      : -1.0,
        "fRotation" : 0.0,
        "strID"     : "e812445b-d258-4355-9840-8d408adfdd34"
      },
      {
        "strName" : "ItmFloorRYOF01",
        "fX"      : 7.0,
        "fY"      : -1.0,
        "fRotation" : 0.0,
        "strID"     : "dc2f516a-9bd8-4b6a-a218-9ce9dbd50303"
      },
      {
        "strName" : "ItmFloorRYOF01",
        "fX"      : 6.0,
        "fY"      : -1.0,
        "fRotation" : 0.0,
        "strID"     : "ce5ddb34-0927-483a-820c-5b6f19c6272e"
      },
      {
        "strName" : "ItmFloorRYOF01",
        "fX"      : 5.0,
        "fY"      : -1.0,
        "fRotation" : 0.0,
        "strID"     : "de05e425-4ae6-4815-b260-2f9c34497d20"
      },
      {
        "strName" : "ItmFloorRYOF01",
        "fX"      : 4.0,
        "fY"      : -1.0,
        "fRotation" : 0.0,
        "strID"     : "6ebe4319-3258-47ec-a2ac-fdd89cac27cc"
      },
      {
        "strName" : "ItmFloorRYOF01",
        "fX"      : 4.0,
        "fY"      : 0.0,
        "fRotation" : 0.0,
        "strID"     : "de3c4030-607b-4167-84e8-377bdcd6edfd"
      },
      {
        "strName" : "ItmFloorRYOF01",
        "fX"      : 4.0,
        "fY"      : 1.0,
        "fRotation" : 0.0,
        "strID"     : "e4674f85-8dec-49d5-b8bb-395985a3a853"
      },
      {
        "strName" : "ItmFloorRYOF01",
        "fX"      : 4.0,
        "fY"      : 2.0,
        "fRotation" : 0.0,
        "strID"     : "bc914159-796e-4fb1-9673-f54b9ed3c1b0"
      },
      {
        "strName" : "ItmFloorRYOF01",
        "fX"      : 4.0,
        "fY"      : 3.0,
        "fRotation" : 0.0,
        "strID"     : "ca829f21-b83f-4c8b-94bb-c0c448015b91"
      },
      {
        "strName" : "ItmFloorRYOF01",
        "fX"      : 5.0,
        "fY"      : 3.0,
        "fRotation" : 0.0,
        "strID"     : "b72f2d35-edcd-4ffb-a5a7-6abd42c8a984"
      },
      {
        "strName" : "ItmFloorRYOF01",
        "fX"      : 6.0,
        "fY"      : 3.0,
        "fRotation" : 0.0,
        "strID"     : "4edb5bfa-276d-4fef-ba08-8e7137884b28"
      },
      {
        "strName" : "ItmFloorRYOF01",
        "fX"      : 7.0,
        "fY"      : 3.0,
        "fRotation" : 0.0,
        "strID"     : "a1b5dbbe-7abb-43f3-b9cf-16a05e10f431"
      },
      {
        "strName" : "ItmFloorRYOF01",
        "fX"      : 7.0,
        "fY"      : 2.0,
        "fRotation" : 0.0,
        "strID"     : "0bca7cef-2efa-478a-beb4-e9cd4b6e1663"
      },
      {
        "strName" : "ItmFloorRYOF01",
        "fX"      : 7.0,
        "fY"      : 1.0,
        "fRotation" : 0.0,
        "strID"     : "8a701b25-0309-425d-8b3e-f4681d48b1d7"
      },
      {
        "strName" : "ItmFloorRYOF01",
        "fX"      : 7.0,
        "fY"      : 0.0,
        "fRotation" : 0.0,
        "strID"     : "883869d8-f59c-4af2-98f8-3496bacfc3fb"
      },
      {
        "strName" : "ItmFloorRYOF01",
        "fX"      : 6.0,
        "fY"      : 0.0,
        "fRotation" : 0.0,
        "strID"     : "22126566-87cf-4c41-90f4-3f48d801b1b3"
      },
      {
        "strName" : "ItmFloorRYOF01",
        "fX"      : 5.0,
        "fY"      : 0.0,
        "fRotation" : 0.0,
        "strID"     : "edaacf25-080a-48c2-9986-77c819098b89"
      },
      {
        "strName" : "ItmFloorRYOF01",
        "fX"      : 5.0,
        "fY"      : 1.0,
        "fRotation" : 0.0,
        "strID"     : "deff7a98-46c1-486b-89b7-409106ba3bea"
      },
      {
        "strName" : "ItmFloorRYOF01",
        "fX"      : 5.0,
        "fY"      : 2.0,
        "fRotation" : 0.0,
        "strID"     : "b62ee0ae-6b7f-46bb-9ee6-cdef64b29b51"
      },
      {
        "strName" : "ItmFloorRYOF01",
        "fX"      : 6.0,
        "fY"      : 2.0,
        "fRotation" : 0.0,
        "strID"     : "e4af6af5-40fb-473d-b058-c3c30581f3b6"
      },
      {
        "strName" : "ItmFloorRYOF01",
        "fX"      : 6.0,
        "fY"      : 1.0,
        "fRotation" : 0.0,
        "strID"     : "b92f3837-7a31-4dfd-8d22-eee1555059e5"
      },
      {
        "strName" : "ItmFloorRYOF01",
        "fX"      : 6.0,
        "fY"      : -2.0,
        "fRotation" : 0.0,
        "strID"     : "2c3170bd-6c2e-4355-9622-92df42bc616b"
      },
      {
        "strName" : "ItmFloorRYOF01",
        "fX"      : 5.0,
        "fY"      : -2.0,
        "fRotation" : 0.0,
        "strID"     : "6d55fb0e-2f7a-4c75-907e-dc8b1dbeccfc"
      },
      {
        "strName" : "ItmFloorRYOF01",
        "fX"      : 4.0,
        "fY"      : -2.0,
        "fRotation" : 0.0,
        "strID"     : "c220853f-945a-47e4-89ce-a22afa85f9b6"
      },
      {
        "strName" : "ItmFloorRYOF01",
        "fX"      : 4.0,
        "fY"      : -3.0,
        "fRotation" : 0.0,
        "strID"     : "75bf6ec9-8d06-43e6-a2c4-33b8a29e3b2f"
      },
      {
        "strName" : "ItmFloorRYOF01",
        "fX"      : 5.0,
        "fY"      : -3.0,
        "fRotation" : 0.0,
        "strID"     : "a059149a-0e9a-4140-ac8b-015fc77d5fe5"
      },
      {
        "strName" : "ItmFloorRYOF01",
        "fX"      : 6.0,
        "fY"      : -3.0,
        "fRotation" : 0.0,
        "strID"     : "3aa2ee79-8b49-496b-8699-52d37998d1f7"
      },
      {
        "strName" : "ItmFloorRYOF01",
        "fX"      : 6.0,
        "fY"      : -4.0,
        "fRotation" : 0.0,
        "strID"     : "24a3d221-f9c0-44fe-a2bc-b2895a873c3b"
      },
      {
        "strName" : "ItmFloorRYOF01",
        "fX"      : 5.0,
        "fY"      : -4.0,
        "fRotation" : 0.0,
        "strID"     : "5785ea13-4cf5-48f8-87b2-4534b5791932"
      },
      {
        "strName" : "ItmFloorRYOF01",
        "fX"      : 4.0,
        "fY"      : -4.0,
        "fRotation" : 0.0,
        "strID"     : "e3fc6e73-25e9-4ace-88bb-f13e3c5bd859"
      },
      {
        "strName" : "ItmFloorRYOF01",
        "fX"      : 6.0,
        "fY"      : -5.0,
        "fRotation" : 0.0,
        "strID"     : "ccd6f9c3-8e55-4d44-ba6f-713e1be76ab7"
      },
      {
        "strName" : "ItmFloorRYOF01",
        "fX"      : 3.0,
        "fY"      : -2.0,
        "fRotation" : 0.0,
        "strID"     : "860208af-4ecc-4a78-bc55-501ce1d545b8"
      },
      {
        "strName" : "ItmFloorRYOF01",
        "fX"      : 7.0,
        "fY"      : -2.0,
        "fRotation" : 0.0,
        "strID"     : "2df0bd30-1a36-4225-94cc-b20a5b43d935"
      },
      {
        "strName" : "ItmDoor01ClosedOn",
        "fX"      : 5.0,
        "fY"      : -2.0,
        "fRotation" : 0.0,
        "strID"     : "f7b93862-dcbc-4052-8f82-c53b884dac10",
        "aGPMSettings" : [
          {
            "strName" : "Panel A",
            "dictGUIPropMap" : [
              "strGUIPrefab",
              "GUILocks",
              "strFriendlyName",
              "Door Lock",
              "strGUIPrefabRight",
              null,
              "strGUIPrefabLeft",
              null,
              "strGUIPrefabUp",
              null,
              "strGUIPrefabDown",
              null,
              "strBrand",
              "Bieler",
              "strBrandSub",
              "Commercial Door Systems",
              "strMSLock",
              "ItmDoorInt01ClosedLocked",
              "strMSUnlock",
              "ItmDoorInt01Closed",
              "strPIN",
              "5687"
            ]
          }
        ]
      },
      {
        "strName" : "ItmFloorRYOF01",
        "fX"      : 5.0,
        "fY"      : -5.0,
        "fRotation" : 0.0,
        "strID"     : "369ec5bc-4a1a-4924-9852-365ce0f260cf"
      },
      {
        "strName" : "ItmFloorRYOF01",
        "fX"      : 4.0,
        "fY"      : -5.0,
        "fRotation" : 0.0,
        "strID"     : "06b0d803-b2f9-40e2-b42b-c262ea95eecf"
      },
      {
        "strName" : "ItmDockSys02Closed",
        "fX"      : 5.0,
        "fY"      : -5.5,
        "fRotation" : 180.0,
        "strID"     : "d8ec4b2d-13b1-4d17-9f90-e8cfd7d9f3b8"
      },
      {
        "strName" : "ItmWallRYOB01",
        "fX"      : 8.0,
        "fY"      : -3.0,
        "fRotation" : 0.0,
        "strID"     : "f841e0d6-4a95-4130-a048-a33fde2aebd1"
      },
      {
        "strName" : "ItmWallRYOB01",
        "fX"      : 2.0,
        "fY"      : -3.0,
        "fRotation" : 0.0,
        "strID"     : "6f13a6be-c182-436d-aa92-76eb1937a5a4"
      },
      {
        "strName" : "ItmConduit01",
        "fX"      : 1.0,
        "fY"      : 2.0,
        "fRotation" : 0.0,
        "strID"     : "40d13dfd-00d8-420c-bb08-fd32b43005bb"
      },
      {
        "strName" : "ItmFloorRYOF01",
        "fX"      : 8.0,
        "fY"      : 2.0,
        "fRotation" : 0.0,
        "strID"     : "510c623f-f29b-4f7f-9491-1f9c9fe018b7"
      },
      {
        "strName" : "ItmFloorRYOF01",
        "fX"      : 8.0,
        "fY"      : 3.0,
        "fRotation" : 0.0,
        "strID"     : "27337e10-21ae-4ff7-8ba7-ee4df482671d"
      },
      {
        "strName" : "ItmFloorRYOF01",
        "fX"      : 2.0,
        "fY"      : 4.0,
        "fRotation" : 0.0,
        "strID"     : "7c680a9b-5b52-4984-bea5-c946ddb599de"
      },
      {
        "strName" : "ItmFloorRYOF01",
        "fX"      : 2.0,
        "fY"      : 3.0,
        "fRotation" : 0.0,
        "strID"     : "cc5d5e4a-7f6d-4cf9-b8f2-b221fb5981bb"
      },
      {
        "strName" : "ItmWallRYOB01",
        "fX"      : 1.0,
        "fY"      : 1.0,
        "fRotation" : 0.0,
        "strID"     : "ac096dfa-9753-40f5-8e85-5a057fe031e6"
      },
      {
        "strName" : "ItmFloorRYOF01",
        "fX"      : 2.0,
        "fY"      : -2.0,
        "fRotation" : 0.0,
        "strID"     : "6d0ca383-de17-431c-8607-3b9a41cc96ba"
      },
      {
        "strName" : "ItmFloorRYOF01",
        "fX"      : 2.0,
        "fY"      : 2.0,
        "fRotation" : 0.0,
        "strID"     : "d93d6de0-8419-49f9-a701-2ea0bcf1ca81"
      },
      {
        "strName" : "ItmFloorRYOF01",
        "fX"      : 8.0,
        "fY"      : 4.0,
        "fRotation" : 0.0,
        "strID"     : "5ec8d09a-abe5-4db6-8e70-49bd4ad7dc37"
      },
      {
        "strName" : "ItmWallRYOB01",
        "fX"      : 2.0,
        "fY"      : -2.0,
        "fRotation" : 0.0,
        "strID"     : "7376e4a0-c758-45c5-93e9-8b9ebdde31fe"
      },
      {
        "strName" : "ItmLitWall1x0",
        "fX"      : 1.192093E-07,
        "fY"      : 5.0,
        "fRotation" : 270.0,
        "strID"     : "fdd3c092-8764-41cf-b2e9-3e096347ec60"
      },
      {
        "strName" : "ItmLitWall1x0",
        "fX"      : 2.0,
        "fY"      : 2.0,
        "fRotation" : 90.0,
        "strID"     : "8bf7df49-95f6-4579-bac6-506e0a2042db"
      },
      {
        "strName" : "ItmLitWall1x0",
        "fX"      : 2.0,
        "fY"      : 6.0,
        "fRotation" : 90.0,
        "strID"     : "8d24881e-01c2-4653-acfd-24b78d0d5c44"
      },
      {
        "strName" : "ItmLitWall1x0",
        "fX"      : 8.0,
        "fY"      : 2.0,
        "fRotation" : 270.0,
        "strID"     : "870537a0-a18a-4302-8ae1-e085799a7946"
      },
      {
        "strName" : "ItmLitWall1x0",
        "fX"      : 8.0,
        "fY"      : 6.0,
        "fRotation" : 270.0,
        "strID"     : "6b7d4127-2664-4efe-affe-18e8f350fb1d"
      },
      {
        "strName" : "ItmLitWall1x0",
        "fX"      : 8.0,
        "fY"      : -5.0,
        "fRotation" : 0.0,
        "strID"     : "d01a521e-a101-4ca5-bcee-b792bd65d632"
      },
      {
        "strName" : "ItmConduit01",
        "fX"      : 1.0,
        "fY"      : 1.0,
        "fRotation" : 0.0,
        "strID"     : "6d58790b-3a1d-4962-b808-a2d4fda8019e"
      },
      {
        "strName" : "ItmConduit01",
        "fX"      : 1.0,
        "fY"      : -1.0,
        "fRotation" : 0.0,
        "strID"     : "e03ba8f1-1e67-43d1-aead-4de22364b4bd"
      },
      {
        "strName" : "ItmLitWall1x0",
        "fX"      : 2.0,
        "fY"      : -5.0,
        "fRotation" : 0.0,
        "strID"     : "0aa1be08-6b66-46a8-986e-644b22342fb1"
      },
      {
        "strName" : "ItmRTAN2",
        "fX"      : 7.0,
        "fY"      : 4.0,
        "fRotation" : 0.0,
        "strID"     : "ac2187e3-6a81-4f87-bc84-cb4e72ff50bf"
      },
      {
        "strName" : "ItmRTAN2",
        "fX"      : 3.0,
        "fY"      : 4.0,
        "fRotation" : 0.0,
        "strID"     : "b4caeb65-7182-42a8-b90e-fffe3c28774d"
      },
      {
        "strName" : "ItmHeater01",
        "fX"      : 7.5,
        "fY"      : 0.5,
        "fRotation" : 180.0,
        "strID"     : "0baff344-582b-4da2-9371-354ecd2052a6",
        "aGPMSettings" : [
          {
            "strName" : "Panel A",
            "dictGUIPropMap" : [
              "strGUIPrefab",
              "GUIAirPump",
              "strFriendlyName",
              "Heater",
              "strGUIPrefabRight",
              null,
              "strGUIPrefabLeft",
              null,
              "strGUIPrefabUp",
              null,
              "strGUIPrefabDown",
              null,
              "strTitle",
              "Unscrew for Thermostat Sensor Input Signal",
              "strValidCOTrigger01",
              "TIsAlarmTemp",
              "strCondMonitor01",
              "DcGasTemp01",
              "strSubPoint",
              "ignore",
              "strAddPoint",
              null,
              "strInput01",
              "7013d502-b97b-42eb-9eaa-0bd2c494e45f"
            ]
          }
        ]
      },
      {
        "strName" : "ItmFloorRYOF01",
        "fX"      : 7.0,
        "fY"      : -3.0,
        "fRotation" : 0.0,
        "strID"     : "7dc55ba9-93a9-4f9e-85a7-9792bddc2949"
      },
      {
        "strName" : "ItmFloorRYOF01",
        "fX"      : 3.0,
        "fY"      : -3.0,
        "fRotation" : 0.0,
        "strID"     : "9cdfddfa-b505-4303-86a2-33883465a144"
      },
      {
        "strName" : "ItmConduit01",
        "fX"      : 1.0,
        "fY"      : 8.0,
        "fRotation" : 0.0,
        "strID"     : "db483d95-8373-49cc-ac2e-4a0270fc93a7"
      },
      {
        "strName" : "ItmFloorRYOF01",
        "fX"      : 9.0,
        "fY"      : 3.0,
        "fRotation" : 0.0,
        "strID"     : "1fab40ff-3f11-424f-8485-9d957820937a"
      },
      {
        "strName" : "ItmFloorRYOF01",
        "fX"      : 9.0,
        "fY"      : 2.0,
        "fRotation" : 0.0,
        "strID"     : "c03ba14e-69e2-4b41-90c0-b4599c41aca3"
      },
      {
        "strName" : "ItmFloorRYOF01",
        "fX"      : 9.0,
        "fY"      : 1.0,
        "fRotation" : 0.0,
        "strID"     : "fbce279e-6d01-49e8-b030-33185460a7e2"
      },
      {
        "strName" : "ItmFloorRYOF01",
        "fX"      : 9.0,
        "fY"      : 0.0,
        "fRotation" : 0.0,
        "strID"     : "eaf822cd-04fa-4bcf-be72-0768f551f43b"
      },
      {
        "strName" : "ItmFloorRYOF01",
        "fX"      : 9.0,
        "fY"      : -1.0,
        "fRotation" : 0.0,
        "strID"     : "edf3d2a4-558c-4451-a36e-99b6eea019c5"
      },
      {
        "strName" : "ItmFloorRYOF01",
        "fX"      : 9.0,
        "fY"      : -2.0,
        "fRotation" : 0.0,
        "strID"     : "b18c89ce-7116-4e4c-9438-61546ae271fc"
      },
      {
        "strName" : "ItmRCSDistro02",
        "fX"      : 2.5,
        "fY"      : 4.5,
        "fRotation" : 270.0,
        "strID"     : "a05082af-4004-4893-a462-ee3d0eabc6e7"
      },
      {
        "strName" : "ItmCooler01On",
        "fX"      : 1.0,
        "fY"      : 2.5,
        "fRotation" : 90.0,
        "strID"     : "a3cd5adc-7d7d-44df-bc47-3d068866921e",
        "aGPMSettings" : [
          {
            "strName" : "Panel A",
            "dictGUIPropMap" : [
              "strGUIPrefab",
              "GUIAirPump",
              "strFriendlyName",
              "Cooler",
              "strGUIPrefabRight",
              null,
              "strGUIPrefabLeft",
              null,
              "strGUIPrefabUp",
              null,
              "strGUIPrefabDown",
              null,
              "strTitle",
              "Unscrew for Thermostat Sensor Input Signal",
              "strValidCOTrigger01",
              "TIsAlarmTemp",
              "strCondMonitor01",
              "DcGasTemp03",
              "strSubPoint",
              "Cool",
              "strAddPoint",
              "Heat",
              "strInput01",
              "7013d502-b97b-42eb-9eaa-0bd2c494e45f"
            ]
          }
        ]
      },
      {
        "strName" : "ItmBattery02",
        "fX"      : 2.5,
        "fY"      : 0.4999998,
        "fRotation" : 270.0,
        "strID"     : "1147b1e5-36f0-497e-9478-8f7b7472596b",
        "aGPMSettings" : [
          {
            "strName" : "Panel A",
            "dictGUIPropMap" : [
              "strGUIPrefab",
              "GUIMeter",
              "strFriendlyName",
              "Battery",
              "strGUIPrefabRight",
              null,
              "strGUIPrefabLeft",
              null,
              "strGUIPrefabUp",
              null,
              "strGUIPrefabDown",
              null,
              "strTitle",
              "Battery Charge",
              "strCond",
              "StatPower",
              "strInput01",
              "",
              "fMin",
              "0.0",
              "fMax",
              "80.96"
            ]
          }
        ]
      },
      {
        "strName" : "ItmRCSDistro02",
        "fX"      : 7.5,
        "fY"      : 3.5,
        "fRotation" : 90.0,
        "strID"     : "f39c2636-35f4-4be4-8b53-d6788c915366"
      },
      {
        "strName" : "ItmRCSCluster01",
        "fX"      : 9.0,
        "fY"      : -1.0,
        "fRotation" : 270.0,
        "strID"     : "5a7d651c-0179-437c-8d44-d7a3ba29c0b7"
      },
      {
        "strName" : "ItmRCSCluster01",
        "fX"      : 1.0,
        "fY"      : -1.0,
        "fRotation" : 90.0,
        "strID"     : "751c08a0-79b1-4937-9765-0d70c77d4396"
      },
      {
        "strName" : "ItmFloorRYOF01",
        "fX"      : 1.0,
        "fY"      : 3.0,
        "fRotation" : 0.0,
        "strID"     : "6426556f-4df4-4526-8920-23dd380189c8"
      },
      {
        "strName" : "ItmFloorRYOF01",
        "fX"      : 1.0,
        "fY"      : 2.0,
        "fRotation" : 0.0,
        "strID"     : "97fceff6-7165-4146-a6da-066d46600b7e"
      },
      {
        "strName" : "ItmFloorRYOF01",
        "fX"      : 1.0,
        "fY"      : 1.0,
        "fRotation" : 0.0,
        "strID"     : "ac899eb0-d1d3-4591-92a8-0fb9314e3200"
      },
      {
        "strName" : "ItmFloorRYOF01",
        "fX"      : 1.0,
        "fY"      : 0.0,
        "fRotation" : 0.0,
        "strID"     : "fc545a2e-e8e3-4591-9338-c9d235b0b9f4"
      },
      {
        "strName" : "ItmFloorRYOF01",
        "fX"      : 1.0,
        "fY"      : -1.0,
        "fRotation" : 0.0,
        "strID"     : "4f88ccab-c2d0-4e23-9afc-5f0f35a37a31"
      },
      {
        "strName" : "ItmFloorRYOF01",
        "fX"      : 1.0,
        "fY"      : -2.0,
        "fRotation" : 0.0,
        "strID"     : "af7d4a3f-0c49-473b-84ae-2c24b8f96b03"
      },
      {
        "strName" : "ItmRCSCluster01",
        "fX"      : 1.0,
        "fY"      : 7.0,
        "fRotation" : 90.0,
        "strID"     : "580a7557-c711-463e-818c-1d38106343d1"
      },
      {
        "strName" : "ItmWallRYOB01",
        "fX"      : 9.0,
        "fY"      : -2.0,
        "fRotation" : 0.0,
        "strID"     : "fd86c2ca-4a41-4bf5-8354-66316e2a2f86"
      },
      {
        "strName" : "ItmWallRYOB01",
        "fX"      : 8.0,
        "fY"      : -2.0,
        "fRotation" : 0.0,
        "strID"     : "7cc50137-5be3-4b6b-b2e0-6de0bc623e16"
      },
      {
        "strName" : "ItmFloorRYOF01",
        "fX"      : 8.0,
        "fY"      : -2.0,
        "fRotation" : 0.0,
        "strID"     : "60d647f9-8471-4aed-af6e-657168c2dcca"
      },
      {
        "strName" : "ItmWallRYOB01",
        "fX"      : 1.0,
        "fY"      : -2.0,
        "fRotation" : 0.0,
        "strID"     : "7694637a-46ce-43e3-8eab-b2c753f67f4b"
      },
      {
        "strName" : "ItmRTAO2",
        "fX"      : 3.0,
        "fY"      : -3.0,
        "fRotation" : 90.0,
        "strID"     : "1853c7a8-051f-4e1b-a1bb-18395063e6a8"
      },
      {
        "strName" : "ItmAirPump03OnG",
        "fX"      : 3.0,
        "fY"      : -2.0,
        "fRotation" : 180.0,
        "strID"     : "d3238dd4-38bc-41d5-bd69-d4cc2995bec4",
        "aGPMSettings" : [
          {
            "strName" : "Panel A",
            "dictGUIPropMap" : [
              "strGUIPrefab",
              "GUIAirPump",
              "strFriendlyName",
              "Air Pump",
              "strGUIPrefabRight",
              null,
              "strGUIPrefabLeft",
              null,
              "strGUIPrefabUp",
              null,
              "strGUIPrefabDown",
              null,
              "strTitle",
              "Unscrew for Pressure Sensor Input Signal",
              "strValidCOTrigger01",
              "TIsAlarm2",
              "strCondMonitor01",
              "IsReadyPumpAir",
              "strInput01",
              "f85cf5b0-dc7d-406f-8f9b-7037e5e1f03c",
              "nKnobBus",
              "1",
              "bTurbo",
              "false",
              "bReverse",
              "false"
            ]
          }
        ]
      },
      {
        "strName" : "ItmRCSCluster01",
        "fX"      : 9.0,
        "fY"      : 7.0,
        "fRotation" : 270.0,
        "strID"     : "3f499bf6-ce38-4bbe-896c-ac879de3fd16"
      },
      {
        "strName" : "ItmWallRYOB01",
        "fX"      : 9.0,
        "fY"      : -1.0,
        "fRotation" : 0.0,
        "strID"     : "11ac785f-7636-437a-a384-278afffe566f"
      },
      {
        "strName" : "ItmConduit01",
        "fX"      : 9.0,
        "fY"      : 0.0,
        "fRotation" : 0.0,
        "strID"     : "47dc3adf-c244-44a4-b440-2160e528bc6d"
      },
      {
        "strName" : "ItmSwitch01On",
        "fX"      : 4.0,
        "fY"      : 0.9999999,
        "fRotation" : 90.0,
        "strID"     : "1b783b2d-a44c-4b02-ad1d-d8b4bb0b8599"
      },
      {
        "strName" : "ItmConduit01",
        "fX"      : 2.0,
        "fY"      : 8.0,
        "fRotation" : 0.0,
        "strID"     : "b80967e3-e6b3-40f8-bcf2-a89cd540b5e8"
      },
      {
        "strName" : "ItmConduit01",
        "fX"      : 2.0,
        "fY"      : 9.0,
        "fRotation" : 0.0,
        "strID"     : "078a9acb-06f8-4f34-abe7-2b089bb86e9f"
      },
      {
        "strName" : "ItmConduit01",
        "fX"      : 1.0,
        "fY"      : -2.0,
        "fRotation" : 0.0,
        "strID"     : "ba9047de-b571-4b82-9fae-49bcd3ee06f0"
      },
      {
        "strName" : "ItmConduit01",
        "fX"      : 1.0,
        "fY"      : 0.0,
        "fRotation" : 0.0,
        "strID"     : "c0c32a54-4095-49c7-9783-b2fb2f29b122"
      },
      {
        "strName" : "ItmConduit01",
        "fX"      : 2.0,
        "fY"      : 10.0,
        "fRotation" : 0.0,
        "strID"     : "3b77f7fd-3fd1-41a8-848f-f03fbc36160a"
      },
      {
        "strName" : "ItmConduit01",
        "fX"      : 3.0,
        "fY"      : 10.0,
        "fRotation" : 0.0,
        "strID"     : "2ecdc899-484b-4108-96a3-bdad14b5cea8"
      },
      {
        "strName" : "ItmConduit01",
        "fX"      : 4.0,
        "fY"      : 10.0,
        "fRotation" : 0.0,
        "strID"     : "f1bd9edc-f87d-4bd7-bdda-ce54ef50a516"
      },
      {
        "strName" : "ItmWallRYOB01",
        "fX"      : 9.0,
        "fY"      : 0.0,
        "fRotation" : 0.0,
        "strID"     : "e937574a-b0db-4c4b-8958-db2ce4d7f4a2"
      },
      {
        "strName" : "ItmWallRYOB01",
        "fX"      : 9.0,
        "fY"      : 1.0,
        "fRotation" : 0.0,
        "strID"     : "de977f0a-5598-4066-96f8-1c94ee5bf6e7"
      },
      {
        "strName" : "ItmConduit01",
        "fX"      : 2.0,
        "fY"      : 2.0,
        "fRotation" : 0.0,
        "strID"     : "2e18c778-653c-4343-9519-f3b324f1623e"
      },
      {
        "strName" : "ItmConduit01",
        "fX"      : 4.0,
        "fY"      : 2.0,
        "fRotation" : 0.0,
        "strID"     : "de1a7bb2-2f44-4257-97bd-b34f1c20722c"
      },
      {
        "strName" : "ItmConduit01",
        "fX"      : 3.0,
        "fY"      : 2.0,
        "fRotation" : 0.0,
        "strID"     : "c3d6b246-4639-4e07-bad4-6a9780517e27"
      },
      {
        "strName" : "ItmWallRYOB01",
        "fX"      : 9.0,
        "fY"      : 2.0,
        "fRotation" : 0.0,
        "strID"     : "bf8773be-d209-4936-8588-67418b8db289"
      },
      {
        "strName" : "ItmConduit01",
        "fX"      : 2.0,
        "fY"      : 5.0,
        "fRotation" : 0.0,
        "strID"     : "e9041710-2ce3-445b-a5bd-036df99dd990"
      },
      {
        "strName" : "ItmConduit01",
        "fX"      : 8.0,
        "fY"      : 3.0,
        "fRotation" : 0.0,
        "strID"     : "35cc9fd2-20c8-4922-a72b-73590288838a"
      },
      {
        "strName" : "ItmConduit01",
        "fX"      : 9.0,
        "fY"      : 8.0,
        "fRotation" : 0.0,
        "strID"     : "c70d992c-27d0-4014-898c-1f7c487b80a6"
      },
      {
        "strName" : "ItmConduit01",
        "fX"      : 8.0,
        "fY"      : 8.0,
        "fRotation" : 0.0,
        "strID"     : "99429672-37c3-40ff-9d38-6266657db61f"
      },
      {
        "strName" : "ItmConduit01",
        "fX"      : 2.0,
        "fY"      : -2.0,
        "fRotation" : 0.0,
        "strID"     : "5cddb625-f005-4a29-acb2-36224c914983"
      },
      {
        "strName" : "ItmConduit01",
        "fX"      : 5.0,
        "fY"      : 10.0,
        "fRotation" : 0.0,
        "strID"     : "92d3c5c6-9971-4c43-a767-028c29fc4df0"
      },
      {
        "strName" : "ItmConduit01",
        "fX"      : 3.0,
        "fY"      : -2.0,
        "fRotation" : 0.0,
        "strID"     : "236673cc-87e6-44a8-836b-ac30962eed93"
      },
      {
        "strName" : "ItmWallRYOB01",
        "fX"      : 1.0,
        "fY"      : 0.0,
        "fRotation" : 0.0,
        "strID"     : "2fd82183-70c6-43e4-a32e-5978a458a155"
      },
      {
        "strName" : "ItmWallRYOB01",
        "fX"      : 1.0,
        "fY"      : -1.0,
        "fRotation" : 0.0,
        "strID"     : "96187d8f-2979-4f8e-af6a-777a25e9db42"
      },
      {
        "strName" : "ItmConduit01",
        "fX"      : 8.0,
        "fY"      : -2.0,
        "fRotation" : 0.0,
        "strID"     : "1e7ad86e-3200-43fb-b44e-f3583a94528e"
      },
      {
        "strName" : "ItmConduit01",
        "fX"      : 8.0,
        "fY"      : -3.0,
        "fRotation" : 0.0,
        "strID"     : "92b7a439-8e60-4300-afbd-18bb6e28578e"
      },
      {
        "strName" : "ItmConduit01",
        "fX"      : 9.0,
        "fY"      : -2.0,
        "fRotation" : 0.0,
        "strID"     : "cad59740-343e-40e4-b301-067eed633be6"
      },
      {
        "strName" : "ItmConduit01",
        "fX"      : 6.0,
        "fY"      : 10.0,
        "fRotation" : 0.0,
        "strID"     : "6145c46f-0ba3-4925-b6dd-cfff77c9d2a3"
      },
      {
        "strName" : "ItmWallRYOB01",
        "fX"      : 8.0,
        "fY"      : -4.0,
        "fRotation" : 0.0,
        "strID"     : "29849490-8d16-47b6-b606-f83419556212"
      },
      {
        "strName" : "ItmWallRYOB01",
        "fX"      : 7.0,
        "fY"      : -4.0,
        "fRotation" : 0.0,
        "strID"     : "7dd6036b-b55b-4a7e-bcf0-1a1a08150d6b"
      },
      {
        "strName" : "ItmWallRYOB01",
        "fX"      : 3.0,
        "fY"      : -4.0,
        "fRotation" : 0.0,
        "strID"     : "0c98d571-9d4c-44a8-9fe8-dbe38e5a420b"
      },
      {
        "strName" : "ItmWallRYOB01",
        "fX"      : 2.0,
        "fY"      : -4.0,
        "fRotation" : 0.0,
        "strID"     : "cb051aea-f52c-4a0a-ab8a-bdb2612f1b89"
      },
      {
        "strName" : "ItmWallRYOB01",
        "fX"      : 1.0,
        "fY"      : 2.0,
        "fRotation" : 0.0,
        "strID"     : "4e67f30d-d985-42db-a8c0-7bcead445368"
      },
      {
        "strName" : "ItmConduit01",
        "fX"      : 2.0,
        "fY"      : -3.0,
        "fRotation" : 0.0,
        "strID"     : "ba218786-a260-4baa-896e-43fcdf341440"
      },
      {
        "strName" : "ItmConduit01",
        "fX"      : 2.0,
        "fY"      : -4.0,
        "fRotation" : 0.0,
        "strID"     : "820d3ca0-03f3-4952-aae6-7537dadd44be"
      },
      {
        "strName" : "ItmConduit01",
        "fX"      : 3.0,
        "fY"      : -4.0,
        "fRotation" : 0.0,
        "strID"     : "71e29b90-b066-44a8-a659-60f6792144ea"
      },
      {
        "strName" : "ItmConduit01",
        "fX"      : 8.0,
        "fY"      : -4.0,
        "fRotation" : 0.0,
        "strID"     : "003b728b-65ee-45f6-89f9-5a31830ed06b"
      },
      {
        "strName" : "ItmConduit01",
        "fX"      : 7.0,
        "fY"      : -4.0,
        "fRotation" : 0.0,
        "strID"     : "b448d558-1a5f-4bfe-96d6-dcbd28f9240b"
      },
      {
        "strName" : "ItmLitWall1x0",
        "fX"      : 4.0,
        "fY"      : -4.0,
        "fRotation" : 90.0,
        "strID"     : "5a2f0358-69a2-4522-9b4d-582288fe50f1"
      },
      {
        "strName" : "ItmLitWall1x0",
        "fX"      : 6.0,
        "fY"      : -4.0,
        "fRotation" : 270.0,
        "strID"     : "8a53cb5e-cd69-4c4e-919d-78266b68a16a"
      },
      {
        "strName" : "ItmConduit01",
        "fX"      : 7.0,
        "fY"      : 10.0,
        "fRotation" : 0.0,
        "strID"     : "13e2f71c-ffb9-4c11-844b-fbd64a0a7681"
      },
      {
        "strName" : "ItmConduit01",
        "fX"      : 8.0,
        "fY"      : 10.0,
        "fRotation" : 0.0,
        "strID"     : "2cfaeb38-4489-400b-b4e4-e7910aea3efa"
      },
      {
        "strName" : "ItmConduit01",
        "fX"      : 8.0,
        "fY"      : 9.0,
        "fRotation" : 0.0,
        "strID"     : "aee67993-6b0e-4dc9-a4f8-419fcdcd9910"
      },
      {
        "strName" : "ItmConduit01",
        "fX"      : 9.0,
        "fY"      : 7.0,
        "fRotation" : 0.0,
        "strID"     : "278b012e-eead-4af7-807e-d8c57cb1c555"
      },
      {
        "strName" : "ItmWallRYOB01",
        "fX"      : 9.0,
        "fY"      : 3.0,
        "fRotation" : 0.0,
        "strID"     : "f3e1884d-dca7-4237-b47a-5206ea8765e7"
      },
      {
        "strName" : "ItmWallRYOB01",
        "fX"      : 9.0,
        "fY"      : 4.0,
        "fRotation" : 0.0,
        "strID"     : "e1ea7522-5447-41fb-954d-364897fd754f"
      },
      {
        "strName" : "ItmWallRYOB01",
        "fX"      : 9.0,
        "fY"      : 5.0,
        "fRotation" : 0.0,
        "strID"     : "c2d701ac-00da-4166-acb4-8e2b135afde0"
      },
      {
        "strName" : "ItmWallRYOB01",
        "fX"      : 9.0,
        "fY"      : 6.0,
        "fRotation" : 0.0,
        "strID"     : "aa51bdc4-ad74-40d9-9d76-61a01e0c3792"
      },
      {
        "strName" : "ItmWallRYOB01",
        "fX"      : 3.0,
        "fY"      : 10.0,
        "fRotation" : 0.0,
        "strID"     : "69c548d0-501d-4a4d-9e6c-dcb3adbfa790"
      },
      {
        "strName" : "ItmWallRYOB01",
        "fX"      : 4.0,
        "fY"      : 10.0,
        "fRotation" : 0.0,
        "strID"     : "1fc7b276-6c55-4803-9bcb-dac487348261"
      },
      {
        "strName" : "ItmFloorRYOF01",
        "fX"      : 1.0,
        "fY"      : 4.0,
        "fRotation" : 0.0,
        "strID"     : "58348dc4-e532-4e45-8a69-bd6f8cacb5db"
      },
      {
        "strName" : "ItmFloorRYOF01",
        "fX"      : 9.0,
        "fY"      : 4.0,
        "fRotation" : 0.0,
        "strID"     : "d5f2ee3f-7bdb-430f-bc8b-a94dbf93e63d"
      },
      {
        "strName" : "ItmFloorRYOF01",
        "fX"      : 9.0,
        "fY"      : 5.0,
        "fRotation" : 0.0,
        "strID"     : "a3053b01-fd70-40ef-8818-6dcc629356ee"
      },
      {
        "strName" : "ItmFloorRYOF01",
        "fX"      : 8.0,
        "fY"      : 5.0,
        "fRotation" : 0.0,
        "strID"     : "7da87ee1-9369-48e0-86e6-3791e2a3b8f2"
      },
      {
        "strName" : "ItmFloorRYOF01",
        "fX"      : 7.0,
        "fY"      : 5.0,
        "fRotation" : 0.0,
        "strID"     : "34974b4f-8d32-4b9a-9ef8-105cd8d29815"
      },
      {
        "strName" : "ItmFloorRYOF01",
        "fX"      : 6.0,
        "fY"      : 5.0,
        "fRotation" : 0.0,
        "strID"     : "1dfc15f3-41b2-4255-8d18-5b33f5860a8e"
      },
      {
        "strName" : "ItmFloorRYOF01",
        "fX"      : 5.0,
        "fY"      : 5.0,
        "fRotation" : 0.0,
        "strID"     : "8c13ffef-a26d-4a62-9fc6-9d2ebb69e7a7"
      },
      {
        "strName" : "ItmFloorRYOF01",
        "fX"      : 4.0,
        "fY"      : 5.0,
        "fRotation" : 0.0,
        "strID"     : "d61d519f-a910-48b3-a39f-0983dc2a4763"
      },
      {
        "strName" : "ItmFloorRYOF01",
        "fX"      : 3.0,
        "fY"      : 5.0,
        "fRotation" : 0.0,
        "strID"     : "ae194106-d8d8-43f3-9a34-15decee35403"
      },
      {
        "strName" : "ItmFloorRYOF01",
        "fX"      : 2.0,
        "fY"      : 5.0,
        "fRotation" : 0.0,
        "strID"     : "e70cd871-0230-4627-ad74-8f7ee969e5e3"
      },
      {
        "strName" : "ItmFloorRYOF01",
        "fX"      : 1.0,
        "fY"      : 5.0,
        "fRotation" : 0.0,
        "strID"     : "797167a8-9fb4-407b-872a-60a158fea8f6"
      },
      {
        "strName" : "ItmFloorRYOF01",
        "fX"      : 1.0,
        "fY"      : 6.0,
        "fRotation" : 0.0,
        "strID"     : "14a8d83d-6ea8-4daa-832a-2c1456200340"
      },
      {
        "strName" : "ItmFloorRYOF01",
        "fX"      : 1.0,
        "fY"      : 7.0,
        "fRotation" : 0.0,
        "strID"     : "1ade16d3-2ad5-4756-a187-5b960b9acaef"
      },
      {
        "strName" : "ItmFloorRYOF01",
        "fX"      : 1.0,
        "fY"      : 8.0,
        "fRotation" : 0.0,
        "strID"     : "ac5f9e61-7baf-40e4-8318-dbbfdc3ffd42"
      },
      {
        "strName" : "ItmConduit01",
        "fX"      : 9.0,
        "fY"      : 6.0,
        "fRotation" : 0.0,
        "strID"     : "2a4e7377-9c2d-4f41-a125-c16e78806951"
      },
      {
        "strName" : "ItmConduit01",
        "fX"      : 9.0,
        "fY"      : 5.0,
        "fRotation" : 0.0,
        "strID"     : "6f90728f-a169-4452-8fdf-b578e8b92917"
      },
      {
        "strName" : "ItmConduit01",
        "fX"      : 9.0,
        "fY"      : 4.0,
        "fRotation" : 0.0,
        "strID"     : "b9ffea03-8684-4c2a-a05f-c2b2b4e03c6b"
      },
      {
        "strName" : "ItmConduit01",
        "fX"      : 9.0,
        "fY"      : 3.0,
        "fRotation" : 0.0,
        "strID"     : "4c1d7061-fef3-47cf-94ea-4be0095e96f6"
      },
      {
        "strName" : "ItmConduit01",
        "fX"      : 9.0,
        "fY"      : 2.0,
        "fRotation" : 0.0,
        "strID"     : "c11c628b-7e87-4de0-967f-0d2ae43a860f"
      },
      {
        "strName" : "ItmConduit01",
        "fX"      : 9.0,
        "fY"      : 1.0,
        "fRotation" : 0.0,
        "strID"     : "5f827d86-ffa3-4c5a-8cd3-a4efa5f808c2"
      },
      {
        "strName" : "ItmConduit01",
        "fX"      : 9.0,
        "fY"      : -1.0,
        "fRotation" : 0.0,
        "strID"     : "9c2f013b-1dd2-42e4-bddf-5799c0ec0594"
      },
      {
        "strName" : "ItmConduit01",
        "fX"      : 1.0,
        "fY"      : 7.0,
        "fRotation" : 0.0,
        "strID"     : "d68c7661-0827-4c3a-9061-bdd9b9ea8658"
      },
      {
        "strName" : "ItmConduit01",
        "fX"      : 1.0,
        "fY"      : 6.0,
        "fRotation" : 0.0,
        "strID"     : "41f9aee8-1297-4174-9727-85d488cf1d40"
      },
      {
        "strName" : "ItmConduit01",
        "fX"      : 1.0,
        "fY"      : 5.0,
        "fRotation" : 0.0,
        "strID"     : "7bdd8e3f-1da5-4540-b74b-37838e1812d3"
      },
      {
        "strName" : "ItmConduit01",
        "fX"      : 1.0,
        "fY"      : 4.0,
        "fRotation" : 0.0,
        "strID"     : "e5c4feea-6807-4a7e-98ec-5008970935f1"
      },
      {
        "strName" : "ItmWallRYOB01",
        "fX"      : 2.0,
        "fY"      : 10.0,
        "fRotation" : 0.0,
        "strID"     : "565b035b-4698-4265-8865-d1d9c740f971"
      },
      {
        "strName" : "ItmWallRYOB01",
        "fX"      : 2.0,
        "fY"      : 9.0,
        "fRotation" : 0.0,
        "strID"     : "acfc6470-1aaa-454a-9692-b3ac07ffec3f"
      },
      {
        "strName" : "ItmWallRYOB01",
        "fX"      : 9.0,
        "fY"      : 7.0,
        "fRotation" : 0.0,
        "strID"     : "a8eadeb1-9412-4feb-8153-6f47fad3e98f"
      },
      {
        "strName" : "ItmWallRYOB01",
        "fX"      : 1.0,
        "fY"      : 7.0,
        "fRotation" : 0.0,
        "strID"     : "856d06e6-a02b-4cfa-b2b1-5c8c106e1aaf"
      },
      {
        "strName" : "ItmWallRYOB01",
        "fX"      : 1.0,
        "fY"      : 6.0,
        "fRotation" : 0.0,
        "strID"     : "c28852e4-fed3-4427-9bde-034e3c1a6c99"
      },
      {
        "strName" : "ItmWallRYOB01",
        "fX"      : 1.0,
        "fY"      : 5.0,
        "fRotation" : 0.0,
        "strID"     : "7612f9df-773b-414c-ab50-93f90f26da17"
      },
      {
        "strName" : "ItmWallRYOB01",
        "fX"      : 1.0,
        "fY"      : 4.0,
        "fRotation" : 0.0,
        "strID"     : "3b22f47c-0a95-4722-9731-c2a701b90e61"
      },
      {
        "strName" : "ItmWallRYOB01",
        "fX"      : 1.0,
        "fY"      : 3.0,
        "fRotation" : 0.0,
        "strID"     : "2679aa44-fbcb-494a-961e-9174c8113034"
      },
      {
        "strName" : "ItmFloorRYOF01",
        "fX"      : 8.0,
        "fY"      : -3.0,
        "fRotation" : 0.0,
        "strID"     : "82b8f4b3-db14-4c60-a9aa-bb9d9a165548"
      },
      {
        "strName" : "ItmFloorRYOF01",
        "fX"      : 8.0,
        "fY"      : -4.0,
        "fRotation" : 0.0,
        "strID"     : "88de11f9-c459-4a4c-a59a-026050083fad"
      },
      {
        "strName" : "ItmFloorRYOF01",
        "fX"      : 7.0,
        "fY"      : -4.0,
        "fRotation" : 0.0,
        "strID"     : "711b7ca7-5ac3-4deb-8813-2d683247ebcb"
      },
      {
        "strName" : "ItmFloorRYOF01",
        "fX"      : 3.0,
        "fY"      : -4.0,
        "fRotation" : 0.0,
        "strID"     : "0728c201-9cff-48b2-8e9f-3099405550e0"
      },
      {
        "strName" : "ItmFloorRYOF01",
        "fX"      : 2.0,
        "fY"      : -4.0,
        "fRotation" : 0.0,
        "strID"     : "dd977614-cf26-4ae5-b26c-69162a03a622"
      },
      {
        "strName" : "ItmFloorRYOF01",
        "fX"      : 2.0,
        "fY"      : -3.0,
        "fRotation" : 0.0,
        "strID"     : "21049ac9-370f-43e2-bbae-26328eb0e2d3"
      },
      {
        "strName" : "ItmFloorRYOF01",
        "fX"      : 2.0,
        "fY"      : 10.0,
        "fRotation" : 0.0,
        "strID"     : "c6ab87bb-6bc8-4c3d-862c-b8a366bdb947"
      },
      {
        "strName" : "ItmFloorRYOF01",
        "fX"      : 2.0,
        "fY"      : 9.0,
        "fRotation" : 0.0,
        "strID"     : "e37c0187-6dca-4479-ade0-cc8f52258a3b"
      },
      {
        "strName" : "ItmFloorRYOF01",
        "fX"      : 2.0,
        "fY"      : 8.0,
        "fRotation" : 0.0,
        "strID"     : "bac8a99d-0760-4f20-a4bf-b174d945185e"
      },
      {
        "strName" : "ItmFloorRYOF01",
        "fX"      : 2.0,
        "fY"      : 7.0,
        "fRotation" : 0.0,
        "strID"     : "61879070-280e-4e40-a505-de9400164a66"
      },
      {
        "strName" : "ItmFloorRYOF01",
        "fX"      : 2.0,
        "fY"      : 6.0,
        "fRotation" : 0.0,
        "strID"     : "6c860ec9-3f38-4fa3-b887-1294a8eb4649"
      },
      {
        "strName" : "ItmFloorRYOF01",
        "fX"      : 3.0,
        "fY"      : 6.0,
        "fRotation" : 0.0,
        "strID"     : "a14fc367-aa0d-47d1-995c-7f5079b369a8"
      },
      {
        "strName" : "ItmFloorRYOF01",
        "fX"      : 3.0,
        "fY"      : 7.0,
        "fRotation" : 0.0,
        "strID"     : "afde8fe8-636d-4b5d-98e9-705ff3eee9f5"
      },
      {
        "strName" : "ItmFloorRYOF01",
        "fX"      : 3.0,
        "fY"      : 8.0,
        "fRotation" : 0.0,
        "strID"     : "a142c370-8176-4858-b0a1-0996e30586c6"
      },
      {
        "strName" : "ItmFloorRYOF01",
        "fX"      : 3.0,
        "fY"      : 9.0,
        "fRotation" : 0.0,
        "strID"     : "c16c6205-7768-4c01-8347-40569c40415f"
      },
      {
        "strName" : "ItmFloorRYOF01",
        "fX"      : 3.0,
        "fY"      : 10.0,
        "fRotation" : 0.0,
        "strID"     : "4ce2fa02-27d6-4205-9d05-97506520c3e6"
      },
      {
        "strName" : "ItmFloorRYOF01",
        "fX"      : 4.0,
        "fY"      : 10.0,
        "fRotation" : 0.0,
        "strID"     : "6be42b5b-ba41-4bc4-987a-fd84f299a164"
      },
      {
        "strName" : "ItmFloorRYOF01",
        "fX"      : 4.0,
        "fY"      : 9.0,
        "fRotation" : 0.0,
        "strID"     : "bb37935e-7b6e-46af-99fa-2fa7e919bb25"
      },
      {
        "strName" : "ItmFloorRYOF01",
        "fX"      : 4.0,
        "fY"      : 8.0,
        "fRotation" : 0.0,
        "strID"     : "6f1da1d7-f56b-41d8-a5d5-97b590904f32"
      },
      {
        "strName" : "ItmFloorRYOF01",
        "fX"      : 4.0,
        "fY"      : 7.0,
        "fRotation" : 0.0,
        "strID"     : "75c02880-4de2-4a78-9d38-320780b404e9"
      },
      {
        "strName" : "ItmFloorRYOF01",
        "fX"      : 4.0,
        "fY"      : 6.0,
        "fRotation" : 0.0,
        "strID"     : "c662e756-b258-4306-9d27-76ca37d14272"
      },
      {
        "strName" : "ItmFloorRYOF01",
        "fX"      : 5.0,
        "fY"      : 6.0,
        "fRotation" : 0.0,
        "strID"     : "bc13b422-93e0-461c-8093-90c756fea563"
      },
      {
        "strName" : "ItmFloorRYOF01",
        "fX"      : 5.0,
        "fY"      : 7.0,
        "fRotation" : 0.0,
        "strID"     : "6056abe2-1b3e-4668-a22e-63e596175d6d"
      },
      {
        "strName" : "ItmFloorRYOF01",
        "fX"      : 5.0,
        "fY"      : 8.0,
        "fRotation" : 0.0,
        "strID"     : "5d829511-4561-41ba-b07d-27bb926d12f8"
      },
      {
        "strName" : "ItmFloorRYOF01",
        "fX"      : 5.0,
        "fY"      : 9.0,
        "fRotation" : 0.0,
        "strID"     : "6d5ee909-3719-455d-aaad-3288a94e0754"
      },
      {
        "strName" : "ItmFloorRYOF01",
        "fX"      : 5.0,
        "fY"      : 10.0,
        "fRotation" : 0.0,
        "strID"     : "12f08f32-f614-4a3c-8392-ebc7d02679bd"
      },
      {
        "strName" : "ItmFloorRYOF01",
        "fX"      : 6.0,
        "fY"      : 10.0,
        "fRotation" : 0.0,
        "strID"     : "5d573196-f0eb-422a-9f7e-95709a1dcbd3"
      },
      {
        "strName" : "ItmFloorRYOF01",
        "fX"      : 6.0,
        "fY"      : 9.0,
        "fRotation" : 0.0,
        "strID"     : "dd6030cf-8e5b-470f-9a43-7cf98653e6de"
      },
      {
        "strName" : "ItmFloorRYOF01",
        "fX"      : 6.0,
        "fY"      : 8.0,
        "fRotation" : 0.0,
        "strID"     : "de9e807a-24e5-4112-a99a-a754b83964a9"
      },
      {
        "strName" : "ItmFloorRYOF01",
        "fX"      : 6.0,
        "fY"      : 7.0,
        "fRotation" : 0.0,
        "strID"     : "2101aac2-0d20-41a9-9084-9271d7fead57"
      },
      {
        "strName" : "ItmFloorRYOF01",
        "fX"      : 6.0,
        "fY"      : 6.0,
        "fRotation" : 0.0,
        "strID"     : "562528a0-89dd-4f59-8bce-c3a3bbbacfc4"
      },
      {
        "strName" : "ItmFloorRYOF01",
        "fX"      : 7.0,
        "fY"      : 6.0,
        "fRotation" : 0.0,
        "strID"     : "906bd122-b2eb-49af-9d1a-7cee7db1fca3"
      },
      {
        "strName" : "ItmFloorRYOF01",
        "fX"      : 7.0,
        "fY"      : 7.0,
        "fRotation" : 0.0,
        "strID"     : "01bc1379-b57f-4f58-b8b7-4ea9fd166ce5"
      },
      {
        "strName" : "ItmFloorRYOF01",
        "fX"      : 7.0,
        "fY"      : 8.0,
        "fRotation" : 0.0,
        "strID"     : "f5efc512-6d13-4f7e-877b-20658985dcc8"
      },
      {
        "strName" : "ItmFloorRYOF01",
        "fX"      : 7.0,
        "fY"      : 9.0,
        "fRotation" : 0.0,
        "strID"     : "94a53a42-bf20-4598-8a04-b902b7f8c7a7"
      },
      {
        "strName" : "ItmFloorRYOF01",
        "fX"      : 7.0,
        "fY"      : 10.0,
        "fRotation" : 0.0,
        "strID"     : "fbcbf8bd-fc32-4c2d-9384-222812a3ef6e"
      },
      {
        "strName" : "SysLootSpawner",
        "fX"      : 7.0,
        "fY"      : -3.0,
        "fRotation" : 0.0,
        "strID"     : "30c02d91-392f-4d7b-9db5-ce712e457570",
        "aGPMSettings" : [
          {
            "strName" : "Panel A",
            "dictGUIPropMap" : [
              "strGUIPrefab",
              "GUILootSpawn",
              "strFriendlyName",
              "Loot Spawner",
              "strGUIPrefabRight",
              null,
              "strGUIPrefabLeft",
              null,
              "strGUIPrefabUp",
              null,
              "strGUIPrefabDown",
              null,
              "strType",
              "Loot",
              "strLoot",
              "ItmHullPatch01x1",
              "strRange",
              "0",
              "strCount",
              "1"
            ]
          }
        ]
      },
      {
        "strName" : "ItmLitWall1x0",
        "fX"      : 5.0,
        "fY"      : 9.0,
        "fRotation" : 0.0,
        "strID"     : "9305964b-c289-4960-afc8-874233482078"
      },
      {
        "strName" : "ItmLitWall1x0",
        "fX"      : 10.0,
        "fY"      : 5.0,
        "fRotation" : 90.0,
        "strID"     : "e76cba6e-d64e-4463-ae3c-b5ce3eac456a"
      },
      {
        "strName" : "ItmAlarmO2OnG",
        "fX"      : 3.0,
        "fY"      : 9.0,
        "fRotation" : 0.0,
        "strID"     : "f85cf5b0-dc7d-406f-8f9b-7037e5e1f03c",
        "aGPMSettings" : [
          {
            "strName" : "Panel A",
            "dictGUIPropMap" : [
              "strGUIPrefab",
              "GUIOnOff",
              "strFriendlyName",
              "Alarm",
              "strGUIPrefabRight",
              null,
              "strGUIPrefabLeft",
              null,
              "strGUIPrefabUp",
              null,
              "strGUIPrefabDown",
              null,
              "strTitle",
              "Alarm Override"
            ]
          }
        ]
      },
      {
        "strName" : "ItmAlarmTempOnW",
        "fX"      : 7.0,
        "fY"      : 9.0,
        "fRotation" : 0.0,
        "strID"     : "7013d502-b97b-42eb-9eaa-0bd2c494e45f",
        "aGPMSettings" : [
          {
            "strName" : "Panel A",
            "dictGUIPropMap" : [
              "strGUIPrefab",
              "GUIOnOff",
              "strFriendlyName",
              "Alarm",
              "strGUIPrefabRight",
              null,
              "strGUIPrefabLeft",
              null,
              "strGUIPrefabUp",
              null,
              "strGUIPrefabDown",
              null,
              "strTitle",
              "Alarm Override"
            ]
          }
        ]
      },
      {
        "strName" : "ItmStationNav",
        "fX"      : 5.0,
        "fY"      : 8.0,
        "fRotation" : 0.0,
        "strID"     : "413ebc36-087c-4185-92fd-fb35d966c222",
        "aGPMSettings" : [
          {
            "strName" : "Panel A",
            "dictGUIPropMap" : [
              "strGUIPrefab",
              "GUIOrbitDraw/GUIOrbitDraw",
              "strFriendlyName",
              "Nav Controls",
              "strGUIPrefabRight",
              "Panel Right",
              "strGUIPrefabLeft",
              null,
              "strGUIPrefabUp",
              null,
              "strGUIPrefabDown",
              null
            ]
          },
          {
            "strName" : "Panel Right",
            "dictGUIPropMap" : [
              "strGUIPrefab",
              "GUIDockSys",
              "strFriendlyName",
              "Docking Controls",
              "strGUIPrefabRight",
              null,
              "strGUIPrefabLeft",
              "Panel A",
              "strGUIPrefabUp",
              null,
              "strGUIPrefabDown",
              null
            ]
          },
          {
            "strName" : "Panel Computer",
            "dictGUIPropMap" : [
              "strGUIPrefab",
              "GUIComputer/GUIComputer2",
              "strFriendlyName",
              "PDA",
              "strGUIPrefabRight",
              null,
              "strGUIPrefabLeft",
              null,
              "strGUIPrefabUp",
              null,
              "strGUIPrefabDown",
              null
            ]
          }
        ]
      },
      {
        "strName" : "ItmWallRYOB01",
        "fX"      : 9.0,
        "fY"      : 8.0,
        "fRotation" : 0.0,
        "strID"     : "a0cd79ff-aecb-4442-83ec-c42fa2b4a1bb"
      },
      {
        "strName" : "ItmWallRYOB01",
        "fX"      : 8.0,
        "fY"      : 8.0,
        "fRotation" : 0.0,
        "strID"     : "6bb1a0a6-7c92-41f8-85de-ec543f9a70f9"
      },
      {
        "strName" : "ItmWallRYOB01",
        "fX"      : 8.0,
        "fY"      : 9.0,
        "fRotation" : 0.0,
        "strID"     : "6835cb38-b9fd-4772-acf9-f2d89a8c3243"
      },
      {
        "strName" : "ItmFloorRYOF01",
        "fX"      : 8.0,
        "fY"      : 10.0,
        "fRotation" : 0.0,
        "strID"     : "266b53aa-88e3-4188-8466-1d4d5107564d"
      },
      {
        "strName" : "ItmFloorRYOF01",
        "fX"      : 8.0,
        "fY"      : 9.0,
        "fRotation" : 0.0,
        "strID"     : "1989efc2-eb49-4441-914a-35d52511404d"
      },
      {
        "strName" : "ItmFloorRYOF01",
        "fX"      : 8.0,
        "fY"      : 8.0,
        "fRotation" : 0.0,
        "strID"     : "f908deb8-e6b7-475f-b477-9dab811b4864"
      },
      {
        "strName" : "ItmFloorRYOF01",
        "fX"      : 8.0,
        "fY"      : 7.0,
        "fRotation" : 0.0,
        "strID"     : "a5d8d37b-6973-4f0f-b77b-1fadc932b11c"
      },
      {
        "strName" : "ItmFloorRYOF01",
        "fX"      : 8.0,
        "fY"      : 6.0,
        "fRotation" : 0.0,
        "strID"     : "5352ec75-888d-47ee-a525-3ce11da69de3"
      },
      {
        "strName" : "ItmFloorRYOF01",
        "fX"      : 9.0,
        "fY"      : 6.0,
        "fRotation" : 0.0,
        "strID"     : "f5ab29a9-5fc6-41f0-ae0c-23014d5fb40f"
      },
      {
        "strName" : "ItmFloorRYOF01",
        "fX"      : 9.0,
        "fY"      : 7.0,
        "fRotation" : 0.0,
        "strID"     : "dfe5731f-9f6f-4981-91d6-311dfd6a2616"
      },
      {
        "strName" : "ItmFloorRYOF01",
        "fX"      : 9.0,
        "fY"      : 8.0,
        "fRotation" : 0.0,
        "strID"     : "ed30d008-837f-41ef-a2bb-9d9eb1b4f321"
      },
      {
        "strName" : "ItmWallRYOB01",
        "fX"      : 2.0,
        "fY"      : 8.0,
        "fRotation" : 0.0,
        "strID"     : "3738db3b-df30-4190-8b64-2b51ec26ae75"
      },
      {
        "strName" : "ItmWallRYOB01",
        "fX"      : 1.0,
        "fY"      : 8.0,
        "fRotation" : 0.0,
        "strID"     : "899cabc9-325c-4806-bffa-af9e03448127"
      },
      {
        "strName" : "ItmWallRYOB01",
        "fX"      : 8.0,
        "fY"      : 10.0,
        "fRotation" : 0.0,
        "strID"     : "2589801d-cbb2-4638-aa3e-16855a0a0cd7"
      },
      {
        "strName" : "ItmWallRYOB01",
        "fX"      : 7.0,
        "fY"      : 10.0,
        "fRotation" : 0.0,
        "strID"     : "ee3ad971-9e6a-4f2d-acac-3da8d91796e1"
      },
      {
        "strName" : "ItmWallRYOB01",
        "fX"      : 6.0,
        "fY"      : 10.0,
        "fRotation" : 0.0,
        "strID"     : "9bf20927-362a-4cea-bba4-2a0bdcca8a79"
      },
      {
        "strName" : "ItmWallRYOB01",
        "fX"      : 5.0,
        "fY"      : 10.0,
        "fRotation" : 0.0,
        "strID"     : "bce02e1f-dad4-486a-8c95-9a21a0f61310"
      },
      {
        "strName" : "ItmBookPolarisNavManual01",
        "fX"      : 3.0,
        "fY"      : 6.0,
        "fRotation" : 0.0,
        "strID"     : "da14b7af-44a4-453d-98c6-ed6e1bab48de",
        "aGPMSettings" : [
          {
            "strName" : "Panel A",
            "dictGUIPropMap" : [
              "strGUIPrefab",
              "GUIMultiSheet",
              "strFriendlyName",
              "Nav Manual",
              "strGUIPrefabRight",
              null,
              "strGUIPrefabLeft",
              null,
              "strGUIPrefabUp",
              null,
              "strGUIPrefabDown",
              null,
              "strManual",
              "Nav Console"
            ]
          }
        ]
      },
      {
        "strName" : "Compartment",
        "fX"      : 0.0,
        "fY"      : 10.0,
        "fRotation" : 0.0,
        "strID"     : "36df2bde-9a8c-4d63-9a67-9efc269e336e"
      },
      {
        "strName" : "Compartment",
        "fX"      : 9.0,
        "fY"      : 10.0,
        "fRotation" : 0.0,
        "strID"     : "99472d1c-dfc6-407e-b3d7-7622ac02358e"
      },
      {
        "strName" : "Compartment",
        "fX"      : 3.0,
        "fY"      : 9.0,
        "fRotation" : 0.0,
        "strID"     : "b4b83e7b-0f1a-4015-9ce5-88a9f123a1a0"
      },
      {
        "strName" : "Compartment",
        "fX"      : 3.0,
        "fY"      : -3.0,
        "fRotation" : 0.0,
        "strID"     : "2235d326-c741-4739-8d89-80f9db24ac6f"
      }
    ],
    "aShallowPSpecs"   : [
      {
        "strName" : "SysLootSpawner",
        "fX"      : 5.0,
        "fY"      : 6.0,
        "fRotation" : 0.0,
        "strID"     : "32f438ea-f7b1-45cd-a419-5747edf208a3",
        "aGPMSettings" : [
          {
            "strName" : "Panel A",
            "dictGUIPropMap" : [
              "strGUIPrefab",
              "GUILootSpawn",
              "strFriendlyName",
              "Loot Spawner",
              "strGUIPrefabRight",
              null,
              "strGUIPrefabLeft",
              null,
              "strGUIPrefabUp",
              null,
              "strGUIPrefabDown",
              null,
              "strType",
              "Pspec",
              "strLoot",
              "NotBoarding",
              "strRange",
              "0",
              "strCount",
              "0",
              "strNew",
              "True",
              "strDamaged",
              "True",
              "strDerelict",
              "True"
            ]
          }
        ]
      },
      {
        "strName" : "SysLootSpawner",
        "fX"      : 5.0,
        "fY"      : -4.0,
        "fRotation" : 0.0,
        "strID"     : "7be383a3-cc11-4817-a1fc-7058f76992f4",
        "aGPMSettings" : [
          {
            "strName" : "Panel A",
            "dictGUIPropMap" : [
              "strGUIPrefab",
              "GUILootSpawn",
              "strFriendlyName",
              "Loot Spawner",
              "strGUIPrefabRight",
              null,
              "strGUIPrefabLeft",
              null,
              "strGUIPrefabUp",
              null,
              "strGUIPrefabDown",
              null,
              "strType",
              "Pspec",
              "strLoot",
              "Boarding",
              "strRange",
              "1",
              "strCount",
              "0",
              "strNew",
              "True",
              "strDamaged",
              "True",
              "strDerelict",
              "True"
            ]
          }
        ]
      }
    ],
    "vShipPos"         : {
      "x" : 0.0,
      "y" : 10.0
    },
    "objSS"            : {
      "boPORShip" : "Sol",
      "vPosx"     : -0.00569347556717968,
      "vPosy"     : -0.00830623432845229,
      "vBOOffsetx" : 0.0,
      "vBOOffsety" : 0.0,
      "vVelX"      : -0.000194023193044845,
      "vVelY"      : -0.000283061273360591,
      "vAccIn"     : {
        "x" : 0.0,
        "y" : 0.0
      },
      "vAccRCS"    : {
        "x" : 0.0,
        "y" : 0.0
      },
      "vAccEx"     : {
        "x" : 0.0,
        "y" : 0.0
      },
      "fRot"       : 0.0,
      "fW"         : 0.0,
      "fA"         : 0.0,
      "bBOLocked"  : false,
      "bIsBO"      : false
    },
    "aRooms"           : [
      {
        "strID" : "36df2bde-9a8c-4d63-9a67-9efc269e336e",
        "bVoid" : true,
        "aTiles" : [
          0,
          1,
          11,
          12,
          22,
          33,
          44,
          55,
          66,
          77,
          88,
          99,
          110,
          121,
          132,
          143,
          144,
          154,
          155,
          165,
          166,
          176,
          167,
          177,
          178
        ]
      },
      {
        "strID" : "99472d1c-dfc6-407e-b3d7-7622ac02358e",
        "bVoid" : true,
        "aTiles" : [
          9,
          10,
          20,
          21,
          32,
          43,
          54,
          65,
          76,
          87,
          98,
          109,
          120,
          131,
          142,
          153,
          152,
          164,
          163,
          175,
          174,
          186,
          173,
          185,
          184
        ]
      },
      {
        "strID" : "b4b83e7b-0f1a-4015-9ce5-88a9f123a1a0",
        "bVoid" : false,
        "aTiles" : [
          14,
          15,
          25,
          16,
          26,
          36,
          17,
          27,
          37,
          35,
          47,
          18,
          28,
          38,
          48,
          46,
          58,
          29,
          39,
          49,
          59,
          57,
          69,
          40,
          50,
          60,
          70,
          68,
          80,
          41,
          51,
          61,
          71,
          81,
          79,
          91,
          52,
          62,
          72,
          82,
          92,
          90,
          102,
          63,
          73,
          83,
          93,
          103,
          101,
          113,
          74,
          84,
          94,
          104,
          114,
          112,
          124,
          85,
          95,
          105,
          115,
          125,
          123,
          96,
          106,
          116,
          126,
          107,
          117,
          127,
          137,
          118,
          128,
          129
        ]
      },
      {
        "strID" : "2235d326-c741-4739-8d89-80f9db24ac6f",
        "bVoid" : false,
        "aTiles" : [
          146,
          147,
          148,
          158,
          149,
          159,
          169,
          150,
          160,
          170,
          171,
          181
        ]
      }
    ],
    "DMGStatus"        : 0,
    "fLastVisit"       : 0.0,
    "fAIDockingTimer"  : 0.0,
    "bPrefill"         : false,
    "bNoCollisions"    : false,
    "dLastScanTime"    : 0.0,
    "bLocalAuthority"  : false,
    "bAIShip"          : false,
    "make"             : "Ryokka",
    "model"            : "Modded TU-77a",
    "year"             : "2059",
    "origin"           : "$TEMPLATE",
    "designation"      : "Salvage Tug",
    "publicName"       : "$TEMPLATE",
    "dimensions"       : "3.52m x 5.44m",
    "fShallowMass"     : 4230.85,
    "fShallowRCSRemass" : 749.2463964,
    "fShallowRCSRemassMax" : 749.364694715254,
    "fShallowFusionRemain" : 0.0,
    "fBreakInMultiplier"   : 0.0,
    "nRCSCount"            : 4,
    "nRCSDistroCount"      : 2,
    "nDockCount"           : 1,
    "bFusionTorch"         : false
  }
]